handle,platform,outreach_date,status,website,website_confidence,email_1,email_2,email_3,phone_1,phone_2,response_snippet,response_date,note,persona,icp_segment
_homefy_,instagram,2026-06-10,ghosted,,none,,,,,,,,,team.arbio,
_wassererlehen_,instagram,2026-05-21,ghosted,,none,,,,,,,,,team.arbio,ICP3_self_managing
_wohlfuehlferien_,instagram,2026-05-21,ghosted,https://translate.google.de/,medium,,,,,,,,,team.arbio,ICP3_self_managing
allgaeuurlaub,instagram,2026-05-21,ghosted,https://www.lodgify.com/blog/de/gratis-ebook-51-instagram-marketing-tipps/,medium,,,,,,,,,team.arbio,ICP3_self_managing
altestrandvogteikampen,instagram,2026-05-25,ghosted,https://www.zhihu.com/question/1984788546771517931,medium,,,,,,,,,team.arbio,ICP1_hands_off
alteszollhaus_neukirchen,instagram,2026-05-20,ghosted,https://zollhaus-neukirchen.de/,high,info@zollhaus-neukirchen.de,,,,,,,,team.arbio,ICP3_self_managing
altstadthaus_burkheim,instagram,2026-05-20,ghosted,https://www.hometogo.at/burkheim/,high,,,,,,,,,team.arbio,ICP3_self_managing
ansbachs.city.apartment,instagram,2026-06-09,ghosted,,none,,,,,,,,,team.arbio,
antoncillilodges,instagram,2026-05-25,ghosted,https://anton-cilli.de/,medium,info@anton-cilli.de,,,+49 8326 366 048,,,,,team.arbio,lodge_premium_allgaeu
appartements.strolz,instagram,2026-05-21,ghosted,https://www.strolz.tirol/,medium,info@strolz.tirol,,,+43 660 5673000,,,,,team.arbio,ICP3_self_managing
aufm_hof,instagram,2026-05-20,ghosted,https://www.aufm-hof.de/anfrage-kontakt/,high,info@aufm-hof.de,,,,,,,,team.arbio,ICP3_self_managing
auszeit_ferienwohnung,instagram,2026-06-01,ghosted,https://auszeit-hatten.de/,high,info@auszeit-hatten.de,,,04481 2039897,04481/2039897,,,,team.arbio,ICP3_self_managing
beim_dorfbach,instagram,2026-05-21,ghosted,https://maps.google.fr/mapfiles/home3.html,medium,,,,,,,,,team.arbio,ICP3_self_managing
bioferienhaus_westerwald,instagram,2026-05-23,ghosted,https://westerwald-ferienhaus.eu/impressum/,high,thoson@t-online.de,info@garten-architektur.de,,02689-1239,02689 971174,,,,team.arbio,ICP3_self_managing
bolstein_apartments,instagram,2026-05-20,ghosted,https://www.beach-apartments-hhf.de/,high,heiligenhafen@beachmotels.de,,,03.07.2025,04.07.2026,,,,team.arbio,ICP3_self_managing
bon_apart_zillertal,instagram,2026-05-28,ghosted,https://www.bon.texas.gov/,medium,complaints@bon.texas.gov,webmaster@bon.texas.gov,aprn@bon.texas.gov,,,,,,@team.arbio,ferienwohnung_tirol
bootshaus_putbus,instagram,2026-05-21,ghosted,https://www.office.com/,medium,,,,03442.418,000000000000,,,,team.arbio,ICP3_self_managing
briseusedom_ferienwohnungen,instagram,2026-06-09,ghosted,https://host.io/brise-usedom.de,medium,,,,,,,,,team.arbio,
buerpartment,instagram,2026-06-01,ghosted,https://www.buerpartment.de/de/aboutus,high,,,,,,,,,team.arbio,STR_operator_multi_unit
charlottenhof,instagram,2026-05-21,ghosted,https://charlottenhof.jimdofree.com/,high,,,,01726967400,01723824706,,,,team.arbio,ICP2_professional
chiemseebarrierefrei.de,instagram,2026-05-21,ghosted,https://www.chiemsee-gast.de/unterkuenfte/detail/2691,medium,info@simonmedia.de,,,0176-613 290 66,,,,,team.arbio,ICP2_professional
chiemseehof,instagram,2026-05-21,ghosted,https://www.chiemsee-alpenland.de/chiemsee/ukv/house/Prien-am-Chiemsee-Ferienwohnung-Chiemseehof-DEU00000061273402320,high,info@chiemsee-alpenland.de,info@chiemsee-alpenland.de.Wir,,09.08.2024,08.10.2024,,,,team.arbio,ICP3_self_managing
deichhofnordsee,instagram,2026-05-21,ghosted,https://www.iitk.ac.in/esc101/05Aug/tutorial/essential/threads/timer.html,medium,,,,,,,,,team.arbio,ICP1_hands_off
dein_eifelhaus,instagram,2026-05-21,ghosted,,none,,,,,,,,,team.arbio,ICP3_self_managing
domiziller,instagram,2026-05-20,ghosted,https://domiziller.de/impressum/,high,info@domiziller.de,,,015256945302,,,,,team.arbio,ICP3_self_managing
dreweshof_ferienwohnungen,instagram,2026-05-22,ghosted,https://linktr.ee/DrewesHof_Ferienwohnungen,high,drewes.hof@t-online.de,,,05191-3838,05191-976293,,,,team.arbio,ICP3
eifeel_living,instagram,2026-05-20,ghosted,https://esp-living.vacation-bookings.com,high,,,,,,,,,team.arbio,ICP2_professional
eifel.stays,instagram,2026-05-21,ghosted,https://linktr.ee/eifel.stays,high,,,,,,,,,team.arbio,ICP2_professional
eifelnatureretreats,instagram,2026-05-21,ghosted,https://traudioberstdorf.org/instagram/,medium,fewo.taudi@mnet-mail.de,,,,,,,,team.arbio,ICP2_professional
erlebnishof_eble,instagram,2026-05-20,ghosted,https://bauernhofurlaub.info/ferien-bauernhof/erlebnishof-eble,high,fragen@bauernhofurlaub.info,,,+43 677 64 777 739,+49 1512 3564564,,,,team.arbio,ICP3_self_managing
erz_apartment_jahnsdorf,instagram,2026-05-20,ghosted,https://www.beach-apartments-hhf.de/heiligenhafen-ferienwohnung-am-strand,high,heiligenhafen@beachmotels.de,,,04.07.2026,09.07.2026,,,,team.arbio,ICP3_self_managing
erzfewolehmann,instagram,2026-05-20,ghosted,https://www.rhs.org.uk/herbs/growing,medium,,,,038262,,,,,team.arbio,ICP3_self_managing
erzgebirgesuiten,instagram,2026-05-21,ghosted,https://erzgebirge-suiten.de/,medium,buchung@fewoexperte.de,,,04.03.2022,+49 30 439 710 11,,,,team.arbio,ICP1_hands_off
esterer_hof,instagram,2026-05-20,ghosted,https://www.estererhof.de/,high,info@estererhof.de,,,0151-587 453 41,,,,,team.arbio,ICP1_hands_off
f.d_apartments,instagram,2026-05-25,ghosted,https://www.beach-apartments-hhf.de/ferienwohnung-ostsee-direkt-am-strand,high,heiligenhafen@beachmotels.de,,,04.07.2026,09.07.2026,,,,team.arbio,ICP2_multi_unit_gmbh
fabelhaus_wohnenleben,instagram,2026-05-21,ghosted,https://www.office.com/,medium,,,,03442.418,000000000000,,,,team.arbio,ICP3_self_managing
fenjoy.apartments,instagram,2026-05-20,ghosted,https://obsproject.com/,medium,,,,,,,,,team.arbio,ICP3_self_managing
ferien_auf_dem_nengshof,instagram,2026-05-21,ghosted,,none,,,,,,,,,team.arbio,ICP2_professional
ferien_gut_priesholz,instagram,2026-05-22,ghosted,https://www.gut-priesholz.de/,high,info@wittkiel-gruppe.de,ferien@gut-priesholz.de,,04642-1658,0173 4992002,,,,team.arbio,ICP1_hands_off
ferienbauernhof_kilger_,instagram,2026-05-20,ghosted,https://www.mein-bauernhof.de/verkaufstelle/ferienbauernhof-kilger-853169/,high,info@ferienbauernhof-kilger.de,,,,,,,,team.arbio,ICP3_self_managing
feriendorf_felsenhof,instagram,2026-05-21,ghosted,https://www.landreise.de/expose/felsenhof-16293/,high,service@landreise.de,kontakt@lvdigital.de,,,,,,,team.arbio,ICP2_professional
feriendorf_lechbruck,instagram,2026-05-21,ghosted,https://ferienwohnung.check24.de/reiseziele/deutschland/bayern/allgaeu/ostallgaeu/lechbruck-id213647,high,,,,,,,,,team.arbio,ICP2_professional
feriendorfponyhof,instagram,2026-06-01,ghosted,https://www.timeanddate.com/date/dateadd.html,medium,,,,,,,,,team.arbio,ICP2_professional
feriendorfslawitsch,instagram,2026-06-01,ghosted,https://www.feriendorfslawitsch.de/ferienwohnungen/,high,info@feriendorfslawitsch.de,kundenservice@bos-waermedesign.de,,,,,,,team.arbio,ICP3_self_managing
ferienhaus.harzglueck,instagram,2026-05-25,ghosted,,none,,,,,,,,,team.arbio,ICP3_small_single_property
ferienhaus.herrenwies,instagram,2026-05-23,ghosted,https://ferienhaus-herrenwies.de/,medium,info@ferienhaus-herrenwies.de,,,03.06.2021,+49 152 3359 2270,,,,team.arbio,ICP3_self_managing
ferienhaus_eifelruhe,instagram,2026-05-21,ghosted,https://www.eifel.info/hotel-fewo-eifel/a-ferienwohnuhng-eifelruhe,high,,,,,,,,,team.arbio,ICP3_self_managing
ferienhaus_hermine_pellworm,instagram,2026-05-21,ghosted,https://www.crunchyroll.com/pt-br/series/GR75Q020Y/boruto-naruto-next-generations,medium,,,,,,,,,team.arbio,ICP3_self_managing
ferienhaus_murmel,instagram,2026-05-21,ghosted,https://www.ferienhaus-almfrieden.de/ferienwohnung-murmele/,high,,,,08323-994854,,,,,team.arbio,ICP3_self_managing
ferienhaus_ockenfels,instagram,2026-05-21,ghosted,https://ferienhaus-ockenfels.de/,high,info@ferienhaus-ockenfels.de,,,+49 160 97916764,,,,,team.arbio,ICP3_self_managing
ferienhaus_roomina,instagram,2026-05-20,ghosted,https://www.ferienhausmiete.de/ferienwohnung-ferienhaus-urlaub/werlte/r22717,high,support@ferienhausmiete.de,,,08.08.2026,01.08.2026,,,,team.arbio,ICP3_self_managing
ferienhaus_seepark,instagram,2026-05-21,ghosted,https://ferienhaus-seepark-75.de/Impressum/,high,,,,,,,,,team.arbio,ICP3_self_managing
ferienhausnaturnah,instagram,2026-06-10,ghosted,,none,,,,,,,,,team.arbio,
ferienhof.kohn,instagram,2026-05-21,ghosted,https://ferienhof-kohn.de/kontakt/,medium,info@ferienhof-kohn.de,,,,,,,,team.arbio,ICP3_self_managing
ferienhof_kiesel,instagram,2026-05-21,ghosted,https://www.ferienhof-kiesel.de/ferienwohnungen/,high,,,,08320-323,,,,,team.arbio,ICP3_self_managing
ferienhof_schmetterlingsgarten,instagram,2026-05-21,ghosted,https://www.google.at/index.html,medium,,,,,,,,,team.arbio,ICP3_self_managing
ferienhof_wulff,instagram,2026-05-22,ghosted,https://www.pferdesachen-blog.de/ferienunterkunft/ferienhof-wulff-fewo-hooge,high,,,,,,,,,team.arbio,ICP3_self_managing
ferienhofeger,instagram,2026-05-21,ghosted,https://www.lodgify.com/blog/de/gratis-ebook-51-instagram-marketing-tipps/,medium,,,,,,,,,team.arbio,ICP3_self_managing
ferienhofschauer,instagram,2026-05-20,ghosted,https://mmorpg.gg/best-free-to-play-mmorpgs/,medium,contact@mmorpg.gg,,,,,,,,team.arbio,ICP3_self_managing
ferienhofstaerk,instagram,2026-05-25,replied_positive,https://helenkuckling.de/instagram-fuer-deine-ferienwohnung/,medium,moin@helenkuckling.de,,,,,"danke fuer deine Nachricht, ich nehme an ihr betreibt den Austausch als Business und waere demnach kostenpflichtig?",2026-05-29T13:30,"Theresa (Marketing) Ferienhof Staerk, Bodensee-Allgaeu. Engaged: Preis-Frage, dann Free/Entry-Produkt zugesagt, Portal-Link gesendet (getportal.arbio.com), reagiert mit Daumen-hoch. Aktiv in Produkt-Testphase.",team.arbio,ICP_ferienhof_family
ferienhofthomsen2263,instagram,2026-05-22,ghosted,https://www.ferienhausmiete.de/,medium,support@ferienhausmiete.de,,,+49 30 555 722 975,,,,,team.arbio,ICP_ferienhof_single_op
ferienhofwieser,instagram,2026-05-25,ghosted,https://claude.ai/,medium,,,,,,,,,team.arbio,ferienhof_selbstvermieter_bayern
ferienwohnung.guckelsby,instagram,2026-05-22,ghosted,https://www.guckelsby.de/,medium,karen.vonbargen@web.de,,,0179-5088265,,,,,team.arbio,ICP3_self_managing
ferienwohnung.rebennah,instagram,2026-05-21,ghosted,https://www.moselhotel-weiskopf.com/ferienwohnungen,medium,,,,,,,,,team.arbio,ICP3_self_managing
ferienwohnung_blackforest,instagram,2026-05-21,ghosted,http://ferienwohnungen-baiersbronn.de/impressum.htm,high,post@blackforest-fewo.de,,,+49 176 57826825,,,,,team.arbio,ICP3_self_managing
ferienwohnung_blankenburg,instagram,2026-05-25,ghosted,,none,,,,,,,,,team.arbio,ICP_family_harz
ferienwohnung_boven_timmel,instagram,2026-06-09,ghosted,https://www.traum-ferienwohnungen.at/europa/deutschland/aurich/grossefehn/timmel/,high,info@traum-ferienwohnungen.de,,,+49 421 14 629 777,,,,,team.arbio,
ferienwohnung_freudensee,instagram,2026-05-21,ghosted,https://connexion.enthdf.fr/,medium,,,,,,,,,team.arbio,ICP3_self_managing
ferienwohnung_lili,instagram,2026-06-10,ghosted,,none,,,,,,,,,team.arbio,
ferienwohnung_st.andreasberg,instagram,2026-05-21,ghosted,,none,,,,,,,,,team.arbio,ICP3_self_managing
ferienwohnung_uckermark,instagram,2026-06-10,ghosted,https://www.luisenau.de/ferienwohnung-uckermark-am-see/,high,,,,039881,,,,,team.arbio,
ferienwohnungen.perfeldhof,instagram,2026-06-01,ghosted,https://admin.cloud.microsoft/,medium,,,,,,,,,team.arbio,ICP2_professional
ferienwohnungen.ruebenkaemper,instagram,2026-05-20,ghosted,https://radar.avrotros.nl/artikel/ziggo-en-kpn-voegen-extras-toe-aan-abonnement-en-verhogen-prijzen-mag-dat-wel-62681,medium,,,,06 83 65 15,,,,,team.arbio,ICP3_self_managing
ferienwohnungen_freude,instagram,2026-05-20,ghosted,https://stackoverflow.com/questions/12243818/adding-google-translate-to-a-web-site,medium,,,,,,,,,team.arbio,ICP3_self_managing
ferienwohnungen_friederich,instagram,2026-06-10,ghosted,,none,,,,,,,,,team.arbio,
ferienwohnungen_ploen,instagram,2026-05-21,ghosted,https://www.chatroom2000.de/chat-login/,medium,,,,,,,,,team.arbio,ICP3_self_managing
ferienwohnungen_trautesheim,instagram,2026-05-21,ghosted,https://ostfriesland-domizile.de/ferienwohnung/ferienwohnung-2-im-ferienhaus-trautes-heim/,medium,,,,,,,,,team.arbio,ICP3_self_managing
ferienwohnungen_walter,instagram,2026-05-25,ghosted,,none,,,,,,,,,team.arbio,ICP3_self_managing
ferienwohnungjunge,instagram,2026-05-21,ghosted,https://www.lodgify.com/blog/de/gratis-ebook-51-instagram-marketing-tipps/,medium,,,,,,,,,team.arbio,ICP3_self_managing
ferienwohnungp16,instagram,2026-05-21,rejected,https://br.ccm.net/forum/affich-516193-perdi-meu-celular-como-acessar-whatsapp-no-pc-sem-ele,medium,mdmacedos@yahoo.com.br,,,,,"Hallo, vielen Dank für das Angebot. Derzeit habe ich keinen Bedarf. Deine Leistungen werden ja nicht kostenlos sein und unsre Auslastung ist mehr als ok. Viele Grüße David",2026-05-21T12:25,"Echte persönliche Antwort von David Grimm. Auslastung ist mehr als ok, keine Notwendigkeit. Antwort gegen Kosten-Annahme.",team.arbio,ICP3_self_managing
ferienwohnungseestern,instagram,2026-05-20,ghosted,https://www.reddit.com/r/GoogleMaps/,medium,,,,,,,,,team.arbio,ICP3_self_managing
fewo.sonnennest,instagram,2026-05-21,ghosted,https://www.google.de/scholar,medium,support-deutschland@google.com,,,,,,,,team.arbio,ICP3_self_managing
fewo_am_kunstanger_no.87,instagram,2026-05-21,ghosted,https://www.hilton.com/de/hotels/muctmhi-hilton-munich-airport/?msockid=2399206d36dd64a90400371e37ea6545,medium,,,,,,,,,team.arbio,ICP3_self_managing
fewo_auerhahn_braunlage,instagram,2026-05-20,ghosted,https://fewo-auerhahn.de/,high,info@fewo-auerhahn.de,,,+49 157-73818892,,,,,team.arbio,ICP3_self_managing
fewo_eifelglueck,instagram,2026-05-21,ghosted,https://www.pelm.de/tourismus/unterkunft/ferienwohnung-appartement-eifelglueck,high,fewoeifelglueck@gmail.com,,,,,,,,team.arbio,ICP3_self_managing
fewo_familie_boemer,instagram,2026-05-21,ghosted,https://humann.com/,medium,,,,,,,,,team.arbio,ICP3_self_managing
fewo_garten_oase_berlin,instagram,2026-05-21,ghosted,https://fewo-gartenoase.de/ferienwohnungen/,high,uleyke@gmail.com,,,+49 1522 653 25 11,018738-25,,,,team.arbio,ICP3_self_managing
fewo_herz_im_allgaeu,instagram,2026-05-21,ghosted,https://www.zhihu.com/question/640400216,medium,,,,,,,,,team.arbio,ICP3_self_managing
fewo_in_winterberg,instagram,2026-06-09,ghosted,https://www.sauerland-travel.de/ferienwohnungen-ferienhaeuser-Winterberg/,high,info@sauerland-travel.de,,,040 38 01 78,,,,,team.arbio,
fewo_lilly.max_sylt,instagram,2026-05-21,ghosted,https://www.fewo-lilly-max.de/,high,info@fewo-lilly-max.de,,,,,,,,team.arbio,ICP3_self_managing
fewo_seeidyll_am_worthsee,instagram,2026-05-22,ghosted,http://www.rjforum.pl/,medium,,,,,,,,,team.arbio,ICP3_self_managing
fewo_spreezauber,instagram,2026-05-20,ghosted,https://www.kramp.com/shop-nl/nl,medium,,,,0315 254 299,,,,,team.arbio,ICP3_self_managing
fewoharztastisch,instagram,2026-05-21,ghosted,https://www.harztastisch.de/,medium,harztastisch@gmail.com,,,+4916096252014,,,,,team.arbio,ICP3_self_managing
fewooge,instagram,2026-05-22,ghosted,https://www.fewooge.de/s,high,info@fewooge.de,,,,,,,,team.arbio,ICP2_professional
feworeichenbach,instagram,2026-05-21,ghosted,,none,,,,,,,,,team.arbio,ICP3_self_managing
fewoservicebodensee,instagram,2026-06-01,ghosted,https://www.lodgify.com/blog/de/gratis-ebook-51-instagram-marketing-tipps/,medium,,,,,,,,,team.arbio,ICP1_hands_off
fewothiesen,instagram,2026-05-26,ghosted,https://pst.giustizia.it/,medium,info-ppt@giustizia.it,info-pct@giustizia.it,,01/06/2026,,,,,team.arbio,ICP1_hands_off
fjordcottage,instagram,2026-05-21,ghosted,https://www.fjordcottage.de/,high,info@fjordcottage.de,,,+491725312836,,,,,team.arbio,ICP2_professional
fleigenhof,instagram,2026-05-21,ghosted,https://www.fleigenhof.de/,high,info@fleigenhof.de,,,,,,,,team.arbio,ICP3_self_managing
forsthaus_hirsch,instagram,2026-05-21,ghosted,https://www.forsthaus-hausbach.de/property-details/forsthaus-haupthaus-wohnung-hirsch,high,,,,,,,,,team.arbio,ICP3_self_managing
friesen_apartments,instagram,2026-05-22,ghosted,https://www.friesenholiday.com/,high,info@friesenholiday.com,,,"+49 4426
2029981",+49 4426 20 29 981,,,,team.arbio,ICP2
gernhochzwo_unterwoessen,instagram,2026-05-21,ghosted,https://www.gernhochzwo.de/,high,info@chiemgau-comfort.com,,,+49 8624 8959130,,,,,team.arbio,ICP3_self_managing
gowiththeflow_noordwijk,instagram,2026-05-21,rejected,https://www.lodgify.com/blog/de/gratis-ebook-51-instagram-marketing-tipps/,medium,,,,,,"Hi Robert, dank voor je berichtje. Het is voor mij niet aantrekkelijk om met een andere tussenpartij samen te werken omdat minder rendabel is. Ook is er geen noodzaak omdat ik het hele seizoen volgeboekt zit. Maar dank voor de interesse!",2026-05-21T11:26,Echte persönliche Antwort auf Niederländisch. Annick hat uns als Vermittler missverstanden (Misverständnis Arbio vs Vermittlungsplattform). Ausgebucht für die Saison.,team.arbio,ICP3_self_managing
grenz.farm,instagram,2026-05-21,ghosted,https://www.visit-mv.com/destinations/a-agribusiness-large-border-regiobox,medium,info@ggab-gr-grenz.de,,,+49 3844 813792,,,,,team.arbio,ICP1_hands_off
grubdanielhof_ferienwohnungen,instagram,2026-06-09,ghosted,https://www.grubdanielhof.de/impressum/,high,,,,07645 1722,0049 176 2332 1235,,,,team.arbio,
gut.oehe,instagram,2026-05-21,ghosted,https://www.gut-oehe.de/,medium,urlaub@gut-oehe.de,,,+49 4642 9248 700,+49 4642 6124,,,,team.arbio,ICP2_professional
gutbuckhagen,instagram,2026-05-21,ghosted,https://www.gut-buckhagen.de/,medium,kontakt@gut-buckhagen.de,,,,,,,,team.arbio,ICP2_professional
gutdalwitz,instagram,2026-05-21,ghosted,https://www.hs-nb.de/studium-weiterbildung/im-studium/studien-und-pruefungsangelegenheiten/sb-online,medium,,,,+49 395 5693-0,+49 395 5693-9999,,,,team.arbio,ICP1_hands_off_or_ICP2_professional
gutoestergaard,instagram,2026-05-22,ghosted,https://notube.net/pl/youtube-app-343,medium,,,,,,,,,team.arbio,ICP3_self_managing
hahnenkleer_bergglueck,instagram,2026-05-25,ghosted,https://schleswig-holstein.nabu.de/tiere-und-pflanzen/voegel/weissstorch/03614.html,medium,Info@NABU-SH.de,,,04321.75720-60,,,,,team.arbio,ICP3_self_managing
harz.and.soul_ferienhaus_lodge,instagram,2026-05-21,ghosted,https://www.provenexpert.com/de-de/ferienhaus-harz-soul/,high,,,,,,,,,team.arbio,ICP1_hands_off
haus.margarete,instagram,unknown,ghosted,https://www.haus-margarete.com/impressum.html,medium,info@haus-margarete.com,,,+49 6641 4455,,,,,team.arbio,ferienhaus_operator
haus_woegens,instagram,2026-05-21,ghosted,https://www.ilovepdf.com/,medium,,,,,,,,,team.arbio,ICP3_self_managing
hauserhof.habachtal,instagram,2026-05-21,ghosted,https://www.urlaubambauernhof.at/de/hoefe/hauserhof-bramberg,medium,,,,+43 6566 7383,,,,,team.arbio,ICP1_hands_off
hausgrossmoos,instagram,2026-05-22,ghosted,https://superuser.com/questions/632891/what-is-appdata,medium,,,,,,,,,team.arbio,ICP3_self_managing
hausschmidamsee,instagram,2026-05-21,ghosted,https://www.zhihu.com/question/1945629068243481180,medium,,,,,,,,,team.arbio,ICP3_self_managing
heimatglueck_schwarzwald,instagram,2026-05-21,ghosted,https://heimatglueck-schwarzwald.renchtal.com/,high,,,,,,,,,team.arbio,ICP3_self_managing
himmelundmeer.sylt,instagram,unknown,ghosted,https://www.rudloff-sylt.de/unterkuenfte/himmel-meer/,medium,info@rudloff-sylt.de,,,01.05.2026,04651 9959299,,,,team.arbio,ferienhaus_operator
hoechi.be,instagram,2026-05-21,ghosted,https://hoechi.be/ferien/ferienwohnung-gross/,high,hoechi@bluewin.ch,,,+41 79 440 55 90,+41 79 600 99 11,,,,team.arbio,ICP3_self_managing
hoepershof_sylt,instagram,2026-05-21,ghosted,https://vk.com/kvcraft,medium,,,,,,,,,team.arbio,ICP1_hands_off_investor
hofschwericke,instagram,2026-05-21,ghosted,https://www.lodgify.com/blog/de/gratis-ebook-51-instagram-marketing-tipps/,medium,,,,,,,,,team.arbio,ICP2_professional
holiday_apartment_isaak,instagram,2026-05-21,ghosted,https://www.timeanddate.com/holidays/us/,high,,,,,,,,,team.arbio,ICP1_hands_off
holidayvitalresort,instagram,2026-05-21,ghosted,https://www.nps.gov/seki/planyourvisit/moro.htm,medium,,,,,,,,,team.arbio,ICP1_hands_off
huusluettjefinja,instagram,2026-05-21,ghosted,https://buchung.frieseninseln.de/detail/140-268413/huus-luttje-finja,medium,,,,012670048,,,,,team.arbio,ICP3_self_managing
hyggebaltic,instagram,2026-05-21,ghosted,https://www.tagesschau.de/,medium,,,,09.06.2026,07.06.2026,,,,team.arbio,ICP3_self_managing
hyggeliving_apartments,instagram,2026-05-21,ghosted,https://devforum.roblox.com/,medium,,,,,,,,,team.arbio,ICP1_hands_off
ihrsylturlaub,instagram,2026-05-25,ghosted,https://www.sylterwintermarkt.de/ihrsylturlaub,high,,,,,,,,,team.arbio,ICP_operator_with_services
imbirkenweg,instagram,2026-05-22,ghosted,https://www.nfl.com/,medium,,,,,,,,,team.arbio,ICP3_self_managing
jonagold_kellenhusen,instagram,2026-05-25,ghosted,https://www.heidisql.com/,medium,,,,,,,,,team.arbio,ICP3_self_managing
karlbacherdomizil,instagram,2026-05-20,ghosted,https://kahoot.it/,medium,,,,,,,,,team.arbio,ICP3_self_managing
karnerlehen,instagram,2026-05-21,ghosted,https://web2.0calc.fr/,medium,,,,,,,,,team.arbio,ICP3_self_managing
kehrwieder_kellenhusen,instagram,2026-05-25,ghosted,https://www.kellenhusen-kehrwieder.de/,high,,,,04364 4716866,0178 3378393,,,,team.arbio,ICP3_self_managing
klasenhof,instagram,2026-05-25,ghosted,https://web.whatsapp.com/,medium,,,,,,,,,team.arbio,bauernhof_selbstvermieter_bayern
koenig_appartement,instagram,2026-05-20,ghosted,https://www.da-agency.de/referenzprojekt/koenig-appartement-sylt-ferienhaeuser-ferienwohnungen/,high,urlaub@koenig-sylt.de,info@da-agency.de,,0221-64309972,+49-221-64309972,,,,team.arbio,ICP2_professional
kraushaarferienwohnungen,instagram,2026-05-21,ghosted,https://www.lodgify.com/blog/de/gratis-ebook-51-instagram-marketing-tipps/,medium,,,,,,,,,team.arbio,ICP1_hands_off_or_ICP2_professional
ks_hof_mauseort,instagram,2026-05-21,rejected,https://traudioberstdorf.org/instagram/,medium,fewo.taudi@mnet-mail.de,,,,,"Hallo Robert, ich sehe das richtig, dass du nichts buchen möchtest, sondern für mich Kunden suchen würdest? Wenn es so ist, dann brauche ich das nicht, da ich immer recht gut gebucht bin.",2026-05-21T14:48,"Karsten Strehl, Hof Mauseort MV. Hat Misverstaendnis: dachte wir suchen Kunden (Buchungsagentur). Hat hoeflich abgesagt + offen fuer den umgekehrten Fall (wenn wir selber Bedarf haetten).",team.arbio,ICP3_self_managing
kuesten.komfort,instagram,2026-05-20,ghosted,https://downloads.cpp.canon/ProductDownloads/Index/1350,medium,,,,,,,,,team.arbio,ICP3_self_managing
kuesten_apartments,instagram,2026-05-22,ghosted,https://www.kuesten-apartment.de/apartments,high,vermietung@kuesten-apartment.de,,,+49 1522 575 605 4,,,,,team.arbio,ICP2
laendleapartments,instagram,2026-05-21,rejected,https://laendleapartments.at/,high,info@laendleapartments.at,,,,,"Vielen Dank für Ihre Nachricht. Wir melden uns schnellstmöglich bei Ihnen. Wenn es eilt, bitte kurz anrufen. Tel. 0043 664 38 58 885",2026-05-21T11:24,"Auto-Reply nach DM #54. Telefonnummer in der Reply. Sabine und Hubert Fink, Ländleapartments Höchst Vorarlberg.",team.arbio,ICP3_self_managing
lakehouse.bodensee,instagram,2026-05-21,ghosted,,none,,,,,,,,,team.arbio,ICP3_self_managing
landromantik,instagram,2026-05-20,postponed,https://www.ferienappartements-landromantik.de/die-gastgeber/kontakt/,high,,,,+49 3591 603070,+49 172 8413171,"Lieber Robert, Zur zeit ist die Anfrage ungünstig da wir uns mitten in Baumaßnahmen befinden. Vielleicht zu einem späteren Zeitpunkt.",2026-05-21T13:11,Doris Wuensche + Thomas Knobloch von Ferienappartements Landromantik in Malschwitz/Rittergut (Oberlausitz). Antwort am 2026-05-21 Mi um 14:49 auf Outreach vom 2026-05-20. Robert hat hoeflich geantwortet: viel Erfolg + offen fuer Zukunft. Doris/Thomas haben darauf mit Daumen-hoch reagiert.,team.arbio,ICP3_self_managing
lieblingsplatz_sylt,instagram,2026-05-25,ghosted,https://ostfriesland-domizile.de/ferienwohnung/lieblingsplatz-2/,high,,,,,,,,,team.arbio,ICP_small_operator
luettjeseeblick13,instagram,2026-05-20,ghosted,https://www.xn--lttjeseeblick13-zvb.de/,medium,,,,0171/6204731,,,,,team.arbio,ICP3_self_managing
luxus_ferienhaus_inselblick,instagram,2026-05-21,ghosted,https://www.spring-certification.com/spring-exam-details,medium,info.springcertification@gmail.com,,,,,,,,team.arbio,ICP3_self_managing
meeresquartier,instagram,2026-05-21,ghosted,,none,,,,,,,,,team.arbio,ICP2_professional
meerzeitfuerferien,instagram,2026-05-22,ghosted,https://www.lodgify.com/blog/de/gratis-ebook-51-instagram-marketing-tipps/,medium,,,,,,,,,team.arbio,ICP1_resort_multi_unit
mehrlandleben,instagram,2026-05-20,ghosted,https://www.lodgify.com/blog/de/gratis-ebook-51-instagram-marketing-tipps/,medium,,,,,,,,,team.arbio,ICP3_self_managing
melou_fewo_harz,instagram,2026-05-21,ghosted,,none,,,,,,,,,team.arbio,ICP3_self_managing
moehrenblick.62,instagram,2026-05-21,ghosted,https://www.lodgify.com/blog/de/gratis-ebook-51-instagram-marketing-tipps/,medium,,,,,,,,,team.arbio,ICP3_self_managing
mosel_wein_quartier_piesport,instagram,2026-05-21,ghosted,https://www.ferienhausmiete.de/ferienwohnung-ferienhaus-urlaub/piesport/r17465,high,support@ferienhausmiete.de,,,08.08.2026,06.12.2026,,,,team.arbio,ICP3_self_managing
mv_ferienhaeuser,instagram,2026-06-01,ghosted,https://invitario.com/,medium,rechnung@invitario.com,sales@invitario.com,support@invitario.com,+49 69 1532 5880,+41-43-5089-6220,,,,team.arbio,STR_operator_multi_unit
nadesu.apartments,instagram,2026-05-25,ghosted,https://fewolino.com/ferienwohnung-instagram-linktree/,medium,hello@fewolino.com,,,0001231548,+49 178 714 2748,,,,team.arbio,ICP3_self_managing
naturresort.steinwald,instagram,2026-05-21,ghosted,https://www.naturresort.net/impressum,medium,info@naturresort.net,,,+49 9682 737,09682 737,,,,team.arbio,ICP2_professional
new_haus,instagram,2026-05-22,ghosted,https://www.lodgify.com/blog/de/prasentation-fewo-instagram/,medium,,,,,,,,,team.arbio,ICP3_self_managing
ninasnordseehaeuser,instagram,2026-05-21,ghosted,https://traudioberstdorf.org/instagram/,medium,fewo.taudi@mnet-mail.de,,,,,,,,team.arbio,ICP3_self_managing
nordsee_ferienhaus_cuxlandpark,instagram,2026-05-21,ghosted,https://www.cuxlandparks.de/,high,info@cuxlandparks.de,,,+49 4741 39-0,+49 4741 3366,,,,team.arbio,ICP3_self_managing
nordseebuden,instagram,2026-05-26,ghosted,https://www.nordseebuden.de/,high,info@nordseebuden.de,,,,,,,,team.arbio,Nordsee_Fewo
obererstrickerhof,instagram,2026-05-21,ghosted,https://www.fewo-ferienwohnung-schwarzwald.de/-steinach/bauernhof-oberer-strickerhof-wiesenblick/detail/2796/,medium,info@vfnm.de,,,07634-5070110,07832 979896,,,,team.arbio,ICP3_self_managing
obst_ferienhof_mainberger,instagram,2026-05-21,ghosted,https://ferienhof-mondsee.com/ferienwohnungen-mondsee/,high,mitterbauer@ferienhof-mondsee.com,,,+43.650.88 21 255,,,,,team.arbio,ICP3_self_managing
oltmannundbengsch,instagram,2026-05-22,ghosted,https://www.lodgify.com/blog/de/prasentation-fewo-instagram/,medium,,,,,,,,,team.arbio,ICP2_professional
ostsee_ferienwohnung,instagram,2026-05-22,ghosted,https://www.ostsee-ferienwohnung.com/impressum.html,high,info@ostsee-ferienwohnung.com,info@jdtravel.de,,0173 413 4060,,,,,team.arbio,ICP3_self_managing
panorama.nest_sauerland,instagram,2026-05-21,ghosted,https://www.sauerland-travel.de/,high,info@sauerland-travel.de,,,040 38 01 78,,,,,team.arbio,ICP3_self_managing
panoramablickapartment,instagram,2026-05-21,ghosted,https://www.office.com/,medium,,,,03442.418,000000000000,,,,team.arbio,ICP3_self_managing
paradisio.bodensee,instagram,2026-05-25,ghosted,,none,,,,,,,,,team.arbio,ICP1_premium_selbstvermietend
preindlerhof,instagram,2026-05-21,replied_positive,https://www.eng-tips.com/threads/transformer-an-vs-af.184665/,medium,,,,,,Schickt uns gerne genauere Infos zu: info@preindlerhof.com,2026-05-21T12:42,POSITIVE Lead. Familie Kargruber-Indrist möchte konkrete Info-Mail an info@preindlerhof.com. Action needed: Robert oder Julia sollten Email senden.,team.arbio,ICP3_self_managing
prime_ferienwohnungen,instagram,2026-05-21,ghosted,https://www.primevideo.com/collection/IncludedwithPrime,high,,,,,,,,,team.arbio,ICP2_professional
primeloft.de,instagram,2026-05-21,ghosted,https://zipdo.co/best/automotive-repair-software/,medium,,,,,,,,,team.arbio,ICP1_hands_off
rauszeitspo,instagram,2026-05-21,ghosted,https://www.rauszeit-spo.de/author/rauszeitspo/,high,info@rauszeit-spo.de,,,,,,,,team.arbio,ICP3_self_managing
reetdorfgeltingerbirk,instagram,unknown,ghosted,https://www.y8.com/,medium,,,,019121165,,,,,team.arbio,ferienhaus_operator
residenz_klein_vink_300,instagram,2026-05-21,ghosted,https://www.residenz-kleinvink-300.de/de/Impressum/,high,frank.lehmkoester@web.de,,,004309694,+4917698456948,,,,team.arbio,ICP3_self_managing
rhoener_tiny_house,instagram,2026-05-21,ghosted,https://www.mydatabook.org/solid-mechanics/stress-for-thick-walled-cylinders-and-spheres-using-lames-equations/,medium,webmaster@mydatabook.org,,,,,,,,team.arbio,ICP3_self_managing
robert_hndl,instagram,2026-05-20,ghosted,https://www.vacationrenter.com/de-de/p/400654580,medium,,,,,,,,,team.arbio,off_icp
ruhrtalvillaferienwohnungen,instagram,2026-06-10,ghosted,,none,,,,,,,,,team.arbio,
runhof4710,instagram,2026-05-21,ghosted,,none,,,,,,,,,team.arbio,ICP3_self_managing
rupprecht_ferienwohnungen,instagram,2026-06-01,replied_positive,https://in-cuxhaven.info/ferienwohnung-in-cuxhaven-vermietungsburo-andre-rupprecht/,high,info@ferienwohnung-nordsee.de,,,04721-559182,04721-426100,"Moin, Moin und vielen Dank fuer ihre Nachricht und freundliche Kontaktaufnahme. Wir werden uns schnellstmoeglich um ihr Anliegen kuemmern.",2026-06-01,"Auto-Reply Feriendomizile Rupprecht Nordsee Cuxhaven. Kontaktdaten in Reply: +49 4721 201099, info@ferienwohnung-nordsee.de. Keine persoenliche Antwort bisher.",team.arbio,ICP1_hands_off
scheunenhauskienspan,instagram,2026-05-21,ghosted,https://www.fewo-bergsucht.de/impressum.html,medium,info@fewo-bergsucht.de,,,,,,,,team.arbio,ICP3_self_managing
schlettererhof,instagram,2026-05-21,ghosted,https://www.schlettererhof.it/,high,,,,02.10.26,02208400214,,,,team.arbio,ICP3_self_managing
schlossgelting,instagram,2026-05-22,ghosted,http://urlm.de/www.schlossgelting.de,high,,,,,,,,,team.arbio,ICP1_hands_off
schwarzwald_heimat,instagram,2026-05-22,ghosted,https://www.schwarzwald-heimat.de/kontakt/,high,hallo@schwarzwald-heimat.de,,,+49 174 799 45 39,,,,,team.arbio,ICP3_self_managing
schwarzwaldbuchenhof,instagram,2026-05-22,ghosted,https://www.hochschwarzwald.de/planen-buchen/unterkuenfte/ferienwohnungen,medium,,,,,,,,,team.arbio,ICP3_self_managing
seetraum_somma_konstanz,instagram,2026-05-21,ghosted,https://www.ferienwohnungen-bodensee.de/suche/konstanz/873-ferienwohnung-see-traum-in-konstanz-am-bodensee,high,info@tourismus-bodensee.de,,,01515-0711990,07531-959509,,,,team.arbio,ICP3_self_managing
serneramsee,instagram,2026-05-21,ghosted,https://www.serner.at/wohnen,medium,info@serner.at,,,+43 664 1144616,+43 6234 8647,,,,team.arbio,ICP3_self_managing
smuck.hus.usedom,instagram,2026-05-21,ghosted,https://www.dansommer.de/deutschland/ferienhaus-fischerdorf-zirchow-usedom-dmu197,medium,dansommer@dansommer.de,,,+45 9797 5757,,,,,team.arbio,ICP3_self_managing
smucke_stuuvs,instagram,2026-05-21,ghosted,https://maps.google.de/,medium,,,,,,,,,team.arbio,ICP3_self_managing
sonnenseite_schwarzwald_fewo,instagram,2026-05-21,ghosted,https://www.fewo24.de/,high,,,,,,,,,team.arbio,ICP3_self_managing
spreewaldast,instagram,2026-05-21,ghosted,https://spreewaldast.de/,high,,,,,,,,,team.arbio,ICP3_self_managing
spreewaldinsel,instagram,2026-05-21,ghosted,https://www.spreewald-unterkuenfte.de/spreewald/spreewaldinsel-leipe-luebbenau,high,,,,,,,,,team.arbio,ICP2_professional
stay_altes_forsthaus,instagram,2026-05-21,ghosted,https://thelyricsgenie.com/lyrics/stay,high,,,,,,,,,team.arbio,ICP3_self_managing
strand_resort_heiligenhafen,instagram,2026-05-20,ghosted,https://www.heiligenhafen-strandresort.com/about/,high,,,,,,,,,team.arbio,ICP2_professional
strandperlen.de,instagram,2026-05-21,ghosted,https://www.amazon.fr/,medium,,,,,,,,,team.arbio,ICP2_professional
strandquartierewangerooge,instagram,2026-05-25,ghosted,,none,,,,,,,,,team.arbio,ICP2_property_manager
sylt_apart_westerland,instagram,2026-05-25,ghosted,,none,,,,,,,,,team.arbio,ICP_small_operator
syltbals,instagram,unknown,ghosted,https://bals-sylt.de/,medium,vermietung@bals-sylt.de,,,06.01.2026,,,,,team.arbio,ferienhaus_operator
sylter.hahn,instagram,2026-05-21,ghosted,https://www.sylter-hahn.de/zimmer/ferienwohnungen/,medium,info@sylter-hahn.de,,,+49 4651 92 82 22,+49 4651 92 820,,,,team.arbio,ICP2_professional
sylterappartementservice,instagram,2026-05-25,ghosted,https://www.zhihu.com/question/831433092,medium,,,,,,,,,team.arbio,ICP1_hands_off
taunus.suites,instagram,2026-05-21,ghosted,https://taunussuites.de/,medium,info@taunussuites.de,,,+49 1772367559,,,,,team.arbio,ICP2_professional
techts_timmendorfer_strand,instagram,2026-05-25,ghosted,https://ferienwohnungtimmendorferstrand.com/,high,,,,,,,,,team.arbio,ICP2_professional
the_regina_house,instagram,2026-05-21,ghosted,,none,,,,,,,,,team.arbio,ICP1_hands_off
theculthouse1889,instagram,2026-05-21,ghosted,https://www.fewo-owl.de/impressum.htm?font=dec,medium,,,,,,,,,team.arbio,ICP2_professional
timpes_ferienwohnungen,instagram,2026-06-01,ghosted,https://www.ferienwohnungen-kroatien.at/ferienwohnungen/podgora/luxury-podgora/6036,high,,,,,,,,,team.arbio,STR_operator_family
urlaub.schwarzwald,instagram,2026-05-21,ghosted,https://www.schwarzwald-netz.com/,medium,news@max-td.com,urlauber@e-domizil.de,kontakt@voyage-media.de,,,,,,team.arbio,ICP2_professional
urlaub_im_harz,instagram,2026-05-21,replied_positive,,none,,,,,,"Hallo, danke für deine Kontaktaufnahme...",2026-05-21T10:58,"Antwort innerhalb von 2 Minuten nach DM #47. Tilo Breuer, Auszeit im Harz HIGH VALUE Lead. Volle Nachricht noch nicht gelesen.",team.arbio,ICP1_hands_off
urlaub_mitherzimharz,instagram,2026-05-21,ghosted,https://www.urlaubspiraten.de/,high,,,,089-20700 1535,080632,,,,team.arbio,ICP2_professional
urlaub_weiss_sylt,instagram,2026-06-01,ghosted,,none,,,,,,,,,team.arbio,ICP3_self_managing
urlaubanderostsee,instagram,2026-05-22,ghosted,https://www.maennlichen.ch/de/,medium,,,,+41 33 853 10 68,,,,,team.arbio,ICP2_professional
urlaubsdomizilenorderney,instagram,2026-05-21,ghosted,https://www.urlaubsdomizile-norderney.de/,medium,info@urlaubsdomizile-norderney.de,,,04932-93 59 476,0178-7019601,,,,team.arbio,ICP2_professional
urlaubundferienhaus,instagram,2026-06-01,ghosted,https://www.webwiki.de/urlaubundferienhaus.wordpress.com,high,,,,,,,,,team.arbio,ICP3_self_managing
vermietungsservice_lb,instagram,2026-05-21,ghosted,https://firmeneintrag.creditreform.de/23683/2270407036/VERMIETUNGSSERVICE_LUEBECKER_BUCHT_GMBH,high,,,,,,,,,team.arbio,ICP2_professional
villa_puppenhaus_bodensee,instagram,2026-05-21,ghosted,,none,,,,,,,,,team.arbio,ICP1_hands_off
villaweissenrieder,instagram,2026-05-25,ghosted,https://holidays.hrs.de/detail/701-GER00020064120444225/villa-weissenrieder,medium,ds.gaesteservice@hrs.de,,,,,,,,team.arbio,ICP3_self_managing
waalhof.kastelbell,instagram,2026-05-25,ghosted,https://www.waalhof-kastelbell.com/,medium,info@remove-this.pec,info@waalhof-kastelbell.com,info@remove-this.waalhof,021018,03031690211,,,,team.arbio,bauernhof_selbstvermieter_suedtirol
weingut.derkum,instagram,2026-05-21,ghosted,https://www.visitmosel.de/wein-kulinarik/gastro/weingut-gaestehaus-derkum,medium,info@weingut-derkum.de,info@mosellandtouristik.de,,+49 (6531) 9733,,,,,team.arbio,ICP3_self_managing
weingut_joerg_thul,instagram,2026-05-21,ghosted,https://www.urlaub-in-rheinland-pfalz.de/urlaub/8454/Weingut_und_Gaestezimmer_Joerg_Thul/index.htm,high,,,,09.06.2026,08.06.2026,,,,team.arbio,ICP2_professional
weingutbluemling,instagram,2026-05-21,ghosted,,none,,,,,,,,,team.arbio,ICP2_professional
wenning.35,instagram,unknown,ghosted,https://wenning35.de/,medium,info@wenning35.de,,,,,,,,team.arbio,ferienhaus_operator
wohlbfinden,instagram,2026-05-25,ghosted,https://www.lodgify.com/blog/de/gratis-ebook-51-instagram-marketing-tipps/,medium,,,,,,,,,team.arbio,ICP3_self_managing
zugastinhalle,instagram,2026-06-09,ghosted,https://www.zugastinhalle.de/,high,info@zugastinhalle.de,,,+49 170 2331988,,,,,team.arbio,
zumbuntenbeet,instagram,2026-05-25,ghosted,https://www.lodgify.com/blog/de/prasentation-fewo-instagram/,medium,,,,,,,,,team.arbio,ICP_single_fewo
zwanzgerhof,instagram,2026-05-21,ghosted,https://zwanzgerhof.at/ferienwohnungen/,high,urlaub@zwanzgerhof.at,,,+43 4254 2933,+43 676 38 09 162,,,,team.arbio,ICP3_self_managing
